review_id,order_id,product_id,customer_id,rating,review_date,comment
1,1641,53,380,1,2024-01-28,DÚþu
2,1175,34,352,4,2023-04-05,Bon produit
3,1614,73,32,1,2023-04-15,Bon produit
4,1060,103,152,5,2023-05-09,Bon produit
5,390,109,470,4,2024-11-04,Bon produit
6,1091,19,358,3,2024-05-12,Bon produit
7,652,71,134,2,2023-10-24,DÚþu
8,1048,6,321,2,2023-09-26,DÚþu
9,1957,12,287,2,2023-03-13,Bon produit
10,1644,15,363,5,2024-10-10,DÚþu
11,843,2,435,3,2023-03-29,Bon produit
12,1450,30,221,2,2023-11-19,Bon produit
13,560,57,129,5,2024-11-15,DÚþu
14,1371,40,3,4,2023-02-09,Bon produit
15,454,54,215,1,2024-08-09,Bon produit
16,1214,102,219,1,2024-01-31,Bon produit
17,295,38,428,5,2024-04-14,Bon produit
18,1809,9,238,1,2023-07-22,DÚþu
19,1902,104,192,3,2024-02-04,DÚþu
20,842,61,27,2,2023-06-06,Bon produit
21,255,85,306,4,2024-09-06,DÚþu
22,634,7,123,4,2023-10-02,DÚþu
23,1054,28,492,4,2023-09-29,DÚþu
24,1649,81,268,5,2024-09-20,Bon produit
25,1582,68,376,4,2023-01-04,Bon produit
26,837,30,440,2,2024-09-15,DÚþu
27,1529,30,28,4,2024-09-21,DÚþu
28,1621,24,108,4,2023-11-04,DÚþu
29,1688,107,477,4,2023-01-18,DÚþu
30,613,55,70,4,2023-12-26,DÚþu
31,928,9,358,5,2023-02-16,Bon produit
32,1043,119,354,4,2023-09-05,DÚþu
33,676,108,15,1,2023-03-25,DÚþu
34,1072,69,226,5,2024-02-20,Bon produit
35,696,38,466,4,2023-04-07,DÚþu
36,1206,29,500,4,2023-02-08,Bon produit
37,1068,37,121,1,2023-03-04,DÚþu
38,1630,38,406,5,2024-02-14,Bon produit
39,1812,39,298,5,2024-01-23,Bon produit
40,1739,82,90,5,2024-06-15,Bon produit
41,586,66,474,3,2024-06-13,DÚþu
42,1326,2,42,2,2024-02-20,Bon produit
43,1274,4,121,1,2024-04-11,Bon produit
44,1673,1,270,1,2024-03-31,Bon produit
45,389,123,120,2,2024-10-31,Bon produit
46,1189,74,426,3,2024-09-01,DÚþu
47,1428,26,349,1,2024-03-30,Bon produit
48,1076,15,171,1,2024-03-28,DÚþu
49,787,91,67,4,2023-02-23,Bon produit
50,1811,36,278,5,2023-01-25,DÚþu
51,158,12,439,3,2023-10-21,DÚþu
52,553,121,7,3,2023-12-09,Bon produit
53,175,55,494,4,2023-10-14,DÚþu
54,802,30,77,5,2023-11-07,Bon produit
55,965,94,132,4,2024-12-19,Bon produit
56,1859,48,396,2,2023-08-23,Bon produit
57,69,14,452,4,2024-11-27,DÚþu
58,1041,28,92,2,2024-01-04,DÚþu
59,439,1,398,1,2023-11-15,Bon produit
60,1026,103,237,5,2024-08-20,DÚþu
61,1651,81,310,4,2023-12-23,DÚþu
62,1471,50,267,1,2024-09-20,Bon produit
63,192,107,194,4,2023-08-30,DÚþu
64,108,59,93,2,2024-08-04,Bon produit
65,188,98,28,4,2024-12-12,Bon produit
66,1010,35,225,5,2024-05-22,Bon produit
67,39,20,76,2,2024-07-27,Bon produit
68,245,109,118,5,2024-01-21,Bon produit
69,1472,125,228,2,2024-09-28,DÚþu
70,1247,62,93,4,2024-07-20,Bon produit
71,1700,12,244,3,2024-12-19,DÚþu
72,809,119,14,2,2023-10-08,Bon produit
73,1676,102,321,1,2024-05-08,Bon produit
74,1460,50,182,4,2023-02-04,Bon produit
75,448,47,212,3,2024-07-26,Bon produit
76,1012,62,174,2,2023-11-24,Bon produit
77,605,17,91,1,2023-05-05,Bon produit
78,1427,44,379,1,2024-02-07,Bon produit
79,1356,76,265,5,2024-09-19,DÚþu
80,487,113,58,3,2023-09-27,Bon produit
81,441,52,267,2,2024-08-29,Bon produit
82,1289,77,317,4,2023-01-16,DÚþu
83,940,38,496,3,2024-01-05,Bon produit
84,544,109,130,2,2024-09-05,Bon produit
85,124,33,306,2,2024-05-01,Bon produit
86,778,13,352,5,2024-02-09,Bon produit
87,1452,96,489,5,2023-06-04,Bon produit
88,822,17,323,5,2024-10-26,DÚþu
89,204,4,264,5,2023-06-27,Bon produit
90,310,7,216,1,2023-02-19,Bon produit
91,960,101,206,1,2024-11-14,Bon produit
92,226,8,3,1,2023-12-01,Bon produit
93,360,54,376,1,2024-08-22,Bon produit
94,1169,72,51,3,2023-09-16,Bon produit
95,527,96,97,5,2024-10-03,Bon produit
96,1999,18,73,1,2023-08-25,DÚþu
97,854,87,121,5,2024-06-08,DÚþu
98,386,98,114,2,2024-06-27,Bon produit
99,400,86,135,4,2024-08-09,Bon produit
100,1617,98,210,5,2024-02-19,Bon produit
101,655,26,476,2,2023-03-17,DÚþu
102,649,86,146,3,2024-06-25,DÚþu
103,1405,87,343,4,2024-10-05,DÚþu
104,1094,53,94,3,2023-11-21,Bon produit
105,1878,9,81,5,2023-05-22,DÚþu
106,931,10,108,5,2024-07-14,DÚþu
107,1727,18,164,1,2024-02-25,DÚþu
108,1158,11,353,5,2024-02-12,Bon produit
109,1479,16,76,4,2024-01-29,DÚþu
110,49,81,6,2,2023-01-30,DÚþu
111,44,53,66,3,2023-04-30,Bon produit
112,1818,56,254,5,2023-09-02,Bon produit
113,952,25,169,3,2024-10-02,Bon produit
114,1855,9,79,4,2024-04-18,Bon produit
115,1913,2,267,2,2023-05-31,DÚþu
116,764,74,442,1,2024-12-31,Bon produit
117,1161,30,282,2,2023-12-18,DÚþu
118,970,116,30,5,2023-06-02,Bon produit
119,1578,82,66,4,2024-04-10,Bon produit
120,1074,23,276,4,2024-09-08,DÚþu
121,581,75,99,3,2024-09-11,Bon produit
122,559,73,51,3,2023-06-19,Bon produit
123,856,41,173,2,2024-09-21,Bon produit
124,1135,33,202,3,2023-11-05,Bon produit
125,1466,36,305,2,2024-10-06,Bon produit
126,1867,91,485,5,2024-03-21,Bon produit
127,1692,112,92,1,2023-03-18,Bon produit
128,1674,125,469,2,2023-08-15,DÚþu
129,302,33,500,1,2024-09-11,Bon produit
130,1234,4,234,3,2024-07-29,Bon produit
131,892,11,259,3,2023-11-21,Bon produit
132,74,77,45,1,2024-10-17,Bon produit
133,607,90,380,2,2024-05-08,Bon produit
134,596,119,399,5,2023-02-23,DÚþu
135,1520,46,463,5,2023-04-11,Bon produit
136,579,3,357,3,2024-02-04,Bon produit
137,1055,60,171,2,2023-04-30,Bon produit
138,1638,114,49,4,2024-02-09,Bon produit
139,839,28,395,2,2023-07-14,Bon produit
140,1420,39,100,1,2024-07-02,Bon produit
141,1145,23,6,5,2023-11-24,Bon produit
142,41,80,52,5,2024-08-04,Bon produit
143,157,60,419,2,2024-04-11,Bon produit
144,708,102,284,5,2023-07-20,Bon produit
145,511,46,406,4,2024-08-15,Bon produit
146,57,45,456,1,2024-07-31,Bon produit
147,140,105,26,2,2023-09-18,Bon produit
148,212,35,55,1,2023-03-17,DÚþu
149,759,87,121,2,2024-02-05,Bon produit
150,532,59,182,1,2023-08-12,Bon produit
151,1930,55,51,2,2023-12-30,Bon produit
152,803,84,362,4,2024-03-17,DÚþu
153,712,21,356,3,2024-07-22,DÚþu
154,126,109,117,2,2023-07-30,DÚþu
155,1523,102,30,1,2024-07-10,DÚþu
156,1475,51,326,2,2023-02-02,Bon produit
157,1134,66,37,2,2024-08-14,Bon produit
158,551,81,238,3,2024-10-14,Bon produit
159,534,66,296,4,2023-08-17,Bon produit
160,265,108,296,2,2023-04-24,DÚþu
161,796,61,258,5,2024-06-21,DÚþu
162,906,22,44,4,2023-08-24,Bon produit
163,862,46,373,3,2024-07-11,Bon produit
164,438,24,353,1,2024-04-28,DÚþu
165,1746,9,264,5,2024-04-04,Bon produit
166,1297,71,385,3,2023-05-22,Bon produit
167,1777,33,236,1,2024-03-23,Bon produit
168,575,21,291,4,2024-09-19,Bon produit
169,563,98,459,2,2024-10-06,Bon produit
170,1975,9,94,2,2024-10-01,Bon produit
171,1160,42,111,3,2023-12-06,DÚþu
172,1647,91,254,1,2023-01-19,Bon produit
173,93,114,15,1,2023-02-03,Bon produit
174,1259,80,468,3,2024-12-06,Bon produit
175,1620,33,468,2,2023-05-12,Bon produit
176,501,23,45,2,2024-12-07,DÚþu
177,320,27,176,4,2023-01-11,Bon produit
178,1125,18,303,2,2023-09-04,Bon produit
179,437,20,388,5,2023-08-25,DÚþu
180,235,116,340,2,2024-11-16,DÚþu
181,702,19,474,3,2023-07-22,Bon produit
182,1991,43,274,2,2024-08-11,DÚþu
183,878,56,146,5,2023-05-25,Bon produit
184,1049,72,62,1,2024-09-12,DÚþu
185,260,54,216,4,2023-08-15,DÚþu
186,1923,108,114,4,2024-09-18,Bon produit
187,1723,72,174,4,2024-11-23,Bon produit
188,1318,32,239,2,2023-01-02,DÚþu
189,1885,36,116,3,2023-03-07,Bon produit
190,1293,50,145,1,2024-03-22,Bon produit
191,761,75,308,4,2023-01-05,DÚþu
192,779,70,134,3,2023-10-25,Bon produit
193,1668,43,365,5,2023-01-29,DÚþu
194,648,94,248,1,2024-05-16,Bon produit
195,1898,19,94,5,2024-02-27,Bon produit
196,1769,22,197,5,2023-01-04,Bon produit
197,467,38,212,1,2023-05-02,Bon produit
198,1660,41,409,1,2024-10-31,Bon produit
199,1003,104,129,4,2024-09-22,Bon produit
200,398,91,259,4,2023-04-12,Bon produit
201,1821,99,157,2,2023-05-06,Bon produit
202,355,21,62,3,2024-01-17,DÚþu
203,543,32,14,2,2023-05-17,Bon produit
204,410,71,12,1,2023-11-29,Bon produit
205,1205,71,257,2,2024-04-11,Bon produit
206,1011,82,448,3,2023-08-29,Bon produit
207,701,35,367,1,2024-12-17,Bon produit
208,1028,40,213,4,2024-02-19,DÚþu
209,1879,44,34,2,2024-09-02,Bon produit
210,1856,99,14,1,2023-03-31,DÚþu
211,567,43,36,2,2023-11-29,Bon produit
212,1504,88,401,4,2023-07-05,Bon produit
213,379,91,346,5,2024-07-19,Bon produit
214,1302,52,453,1,2023-08-15,DÚþu
215,1385,57,400,3,2024-06-28,Bon produit
216,1181,125,295,2,2023-01-21,DÚþu
217,1036,124,129,3,2024-06-30,Bon produit
218,1742,65,21,1,2024-12-24,Bon produit
219,334,61,80,1,2024-07-10,Bon produit
220,1404,103,65,3,2023-05-15,DÚþu
221,1210,115,93,2,2024-01-12,Bon produit
222,621,43,460,3,2024-11-07,Bon produit
223,317,77,345,2,2023-02-16,Bon produit
224,921,102,291,3,2024-07-31,Bon produit
225,834,42,336,4,2024-05-22,Bon produit
226,985,110,61,1,2023-04-20,Bon produit
227,1217,101,109,4,2024-08-29,Bon produit
228,392,29,329,1,2024-12-26,Bon produit
229,604,43,142,4,2024-02-26,Bon produit
230,1870,57,434,3,2023-11-29,Bon produit
231,356,88,353,1,2023-03-31,Bon produit
232,1705,1,304,5,2024-08-06,Bon produit
233,1456,109,412,3,2024-06-27,Bon produit
234,1413,117,500,1,2023-04-22,Bon produit
235,1453,85,471,2,2023-07-05,DÚþu
236,919,27,15,2,2024-01-24,Bon produit
237,184,77,430,4,2023-03-04,DÚþu
238,1572,66,311,2,2023-10-06,Bon produit
239,1992,88,494,1,2023-05-14,Bon produit
240,433,82,352,5,2024-06-12,Bon produit
241,40,93,492,2,2023-01-08,Bon produit
242,849,118,260,4,2023-10-15,Bon produit
243,413,14,31,1,2023-09-10,Bon produit
244,1648,74,215,5,2024-10-16,Bon produit
245,610,114,167,5,2023-05-10,Bon produit
246,1612,82,361,3,2024-12-13,Bon produit
247,1107,7,339,2,2023-08-05,Bon produit
248,1581,63,323,5,2024-06-15,Bon produit
249,1877,113,468,2,2024-06-09,Bon produit
250,1197,83,241,5,2024-09-21,Bon produit
251,370,66,448,1,2024-07-13,Bon produit
252,91,34,124,2,2024-08-12,Bon produit
253,326,90,317,2,2023-02-22,Bon produit
254,409,115,8,5,2023-01-09,Bon produit
255,743,61,173,2,2024-05-23,Bon produit
256,547,79,410,5,2024-09-18,Bon produit
257,1886,121,343,3,2023-10-11,Bon produit
258,1484,88,336,3,2023-11-14,DÚþu
259,323,109,339,1,2024-04-07,Bon produit
260,284,116,295,2,2024-03-12,DÚþu
261,522,82,299,3,2023-10-19,Bon produit
262,1338,39,417,4,2023-12-30,Bon produit
263,1983,14,22,4,2023-02-01,Bon produit
264,444,94,453,3,2023-09-13,Bon produit
265,42,84,333,5,2023-08-03,Bon produit
266,1114,67,125,3,2024-10-03,Bon produit
267,1002,111,37,5,2023-02-25,Bon produit
268,962,78,52,5,2024-03-15,Bon produit
269,664,110,204,3,2024-04-06,Bon produit
270,344,29,138,4,2023-12-04,Bon produit
271,1714,103,371,5,2023-03-15,Bon produit
272,1437,68,58,3,2023-08-12,Bon produit
273,814,87,442,1,2024-05-15,Bon produit
274,291,89,148,2,2023-02-28,Bon produit
275,98,84,459,1,2024-12-04,Bon produit
276,424,60,124,4,2023-04-07,Bon produit
277,1577,88,68,2,2023-11-20,Bon produit
278,1635,83,373,1,2024-05-18,Bon produit
279,82,28,472,4,2024-08-20,DÚþu
280,574,25,277,2,2024-12-29,Bon produit
281,136,37,83,1,2023-08-30,Bon produit
282,1888,53,407,5,2024-08-24,Bon produit
283,88,17,15,5,2023-12-08,Bon produit
284,236,6,72,2,2023-08-18,DÚþu
285,1588,124,266,2,2024-11-30,Bon produit
286,1447,41,495,2,2023-06-12,Bon produit
287,246,41,81,3,2023-05-02,DÚþu
288,1768,58,2,2,2023-09-26,Bon produit
289,180,7,288,2,2023-05-24,Bon produit
290,1542,32,492,3,2024-05-08,Bon produit
291,52,38,193,4,2024-09-19,Bon produit
292,861,5,260,5,2023-09-06,Bon produit
293,1875,41,157,3,2023-12-19,Bon produit
294,164,6,2,2,2023-02-07,DÚþu
295,651,15,122,4,2023-09-15,DÚþu
296,635,54,165,3,2023-09-29,Bon produit
297,1722,102,71,3,2024-07-31,DÚþu
298,957,61,470,4,2023-04-24,Bon produit
299,1776,14,68,5,2024-07-31,DÚþu
300,96,85,467,5,2023-04-06,Bon produit
301,1419,19,226,4,2024-11-24,Bon produit
302,1650,101,149,1,2024-03-04,Bon produit
303,466,57,242,4,2023-04-16,Bon produit
304,1117,22,473,2,2024-07-08,Bon produit
305,1225,84,372,1,2024-01-09,Bon produit
306,1715,37,82,4,2024-07-24,Bon produit
307,475,32,328,1,2023-09-20,Bon produit
308,282,42,282,3,2024-08-17,Bon produit
309,1480,17,298,4,2023-08-06,Bon produit
310,1142,55,61,1,2024-05-26,Bon produit
311,1436,99,364,5,2024-09-12,Bon produit
312,1208,40,96,2,2023-08-26,Bon produit
313,1918,63,268,4,2023-07-16,Bon produit
314,531,77,320,1,2023-09-27,Bon produit
315,611,53,457,1,2023-01-30,Bon produit
316,692,89,114,2,2024-02-14,Bon produit
317,542,93,323,2,2024-03-10,Bon produit
318,132,73,340,1,2023-07-08,Bon produit
319,147,24,467,2,2023-03-05,Bon produit
320,1896,48,500,3,2024-11-23,DÚþu
321,1093,14,88,4,2024-09-12,DÚþu
322,288,83,460,4,2023-01-25,Bon produit
323,659,9,158,3,2024-11-25,DÚþu
324,1429,5,342,1,2023-08-01,Bon produit
325,660,27,48,3,2023-11-13,Bon produit
326,159,59,207,4,2024-09-05,Bon produit
327,1970,21,95,1,2024-01-27,DÚþu
328,568,10,331,5,2024-10-26,DÚþu
329,1591,31,474,2,2024-08-25,Bon produit
330,918,110,138,1,2024-09-02,DÚþu
331,1416,118,458,4,2024-10-26,Bon produit
332,1611,15,91,1,2023-12-12,DÚþu
333,65,62,226,1,2023-06-13,DÚþu
334,857,54,250,1,2023-02-26,Bon produit
335,1976,17,192,2,2024-06-07,DÚþu
336,1816,60,175,4,2023-10-14,DÚþu
337,1750,100,137,1,2023-11-20,DÚþu
338,1889,72,83,3,2024-05-17,Bon produit
339,170,69,338,4,2023-06-20,Bon produit
340,1729,120,218,2,2023-03-05,Bon produit
341,1291,20,85,2,2024-12-10,Bon produit
342,616,107,454,1,2023-03-23,Bon produit
343,1759,22,320,4,2024-08-13,Bon produit
344,623,116,254,3,2023-09-22,Bon produit
345,1260,54,336,3,2024-05-30,Bon produit
346,1307,18,413,3,2024-05-17,Bon produit
347,393,109,400,5,2024-03-02,Bon produit
348,1283,106,384,1,2024-10-24,Bon produit
349,1636,107,115,3,2024-03-26,DÚþu
350,1574,81,461,3,2023-12-17,DÚþu
351,1070,60,147,2,2024-04-08,Bon produit
352,447,89,399,3,2024-04-25,Bon produit
353,1347,116,398,5,2023-09-25,DÚþu
354,127,1,259,5,2023-10-07,Bon produit
355,1082,62,475,4,2024-04-14,Bon produit
356,1258,7,53,4,2023-03-30,DÚþu
357,836,79,45,5,2024-05-27,Bon produit
358,209,123,209,2,2024-07-12,Bon produit
359,602,52,121,5,2023-03-04,Bon produit
360,1973,18,7,5,2023-05-31,Bon produit
361,889,88,229,1,2024-12-25,Bon produit
362,1334,49,135,3,2023-05-03,Bon produit
363,556,1,411,3,2023-07-20,Bon produit
364,636,10,28,5,2024-03-10,DÚþu
365,888,50,42,4,2024-07-09,Bon produit
366,232,102,465,2,2023-03-18,Bon produit
367,689,124,470,4,2024-01-23,Bon produit
368,1748,61,142,5,2024-01-12,Bon produit
369,1659,19,375,4,2024-08-19,Bon produit
370,315,115,211,1,2023-06-28,Bon produit
371,924,34,417,2,2024-07-24,Bon produit
372,1109,31,311,3,2024-11-19,Bon produit
373,1146,11,12,4,2023-01-19,DÚþu
374,1847,78,290,1,2024-09-23,Bon produit
375,488,34,260,5,2023-01-21,Bon produit
376,720,1,79,1,2024-04-27,DÚþu
377,431,66,399,4,2024-05-12,Bon produit
378,36,14,90,3,2023-06-24,DÚþu
379,755,60,82,1,2023-02-26,Bon produit
380,231,37,324,1,2023-10-19,DÚþu
381,1309,55,144,5,2024-08-15,Bon produit
382,721,57,406,5,2024-01-24,Bon produit
383,248,20,108,3,2024-02-27,DÚþu
384,139,7,330,3,2023-03-10,DÚþu
385,1832,119,439,5,2023-01-01,DÚþu
386,1178,61,409,1,2023-04-19,Bon produit
387,1839,95,286,3,2023-01-29,Bon produit
388,1814,2,308,3,2023-02-19,DÚþu
389,1823,86,403,3,2024-08-01,Bon produit
390,1261,88,252,2,2024-12-21,Bon produit
391,1394,23,471,1,2023-03-25,DÚþu
392,419,87,382,2,2024-09-26,Bon produit
393,1793,61,312,3,2024-10-01,Bon produit
394,1386,61,110,3,2024-10-25,Bon produit
395,22,89,255,3,2024-10-17,DÚþu
396,3,77,215,4,2023-11-26,Bon produit
397,1541,96,218,4,2023-11-13,DÚþu
398,765,98,280,2,2023-12-21,DÚþu
399,1530,85,41,5,2023-09-22,Bon produit
400,1905,22,462,1,2023-10-16,DÚþu
401,78,37,400,1,2023-12-24,Bon produit
402,514,28,404,4,2023-10-26,DÚþu
403,285,102,38,3,2023-04-06,Bon produit
404,1536,25,273,2,2024-04-14,Bon produit
405,1400,79,88,2,2024-03-30,Bon produit
406,1064,102,125,4,2024-08-10,Bon produit
407,991,88,256,5,2024-04-03,Bon produit
408,1801,15,236,4,2023-01-05,Bon produit
409,679,41,30,3,2024-05-23,Bon produit
410,901,104,391,4,2023-11-05,Bon produit
411,637,6,425,3,2024-06-17,DÚþu
412,1172,93,312,4,2024-06-12,Bon produit
413,1148,36,293,3,2024-08-25,Bon produit
414,739,66,255,1,2023-08-05,Bon produit
415,1044,103,393,3,2024-05-30,Bon produit
416,1803,37,260,1,2024-11-21,Bon produit
417,818,33,153,3,2023-12-05,DÚþu
418,144,80,94,5,2024-07-25,Bon produit
419,1868,24,360,3,2024-01-18,Bon produit
420,343,41,78,2,2024-03-27,Bon produit
421,1207,14,249,1,2023-04-30,DÚþu
422,384,124,493,1,2024-12-18,Bon produit
423,1215,103,57,1,2024-07-01,DÚþu
424,741,87,110,4,2024-06-07,Bon produit
425,47,86,480,3,2024-09-02,DÚþu
426,909,22,228,1,2023-09-06,Bon produit
427,79,74,136,4,2023-05-01,Bon produit
428,1461,27,468,1,2024-11-05,Bon produit
429,1897,89,448,2,2024-10-28,DÚþu
430,207,120,13,5,2023-01-09,Bon produit
431,1532,6,358,2,2023-06-01,Bon produit
432,1464,54,65,3,2023-06-08,Bon produit
433,502,124,316,4,2024-11-09,Bon produit
434,732,2,50,3,2023-12-06,DÚþu
435,1519,106,360,2,2024-08-11,Bon produit
436,1585,114,119,4,2024-07-15,Bon produit
437,385,92,306,5,2023-05-25,Bon produit
438,1053,110,365,3,2024-04-26,Bon produit
439,269,33,92,5,2024-07-06,DÚþu
440,1740,40,458,4,2023-01-06,DÚþu
441,1932,75,402,2,2024-04-11,Bon produit
442,942,62,292,5,2023-09-16,Bon produit
443,1308,102,256,2,2023-03-24,DÚþu
444,984,11,339,4,2023-07-07,Bon produit
445,1605,69,35,1,2023-10-05,Bon produit
446,961,19,6,5,2023-07-05,Bon produit
447,1944,111,498,4,2024-09-26,Bon produit
448,369,67,57,5,2024-04-10,Bon produit
449,72,70,65,5,2024-04-17,Bon produit
450,496,43,77,3,2023-10-13,Bon produit
451,688,34,434,4,2023-10-29,Bon produit
452,1362,31,100,3,2023-01-05,DÚþu
453,221,79,331,2,2024-08-18,Bon produit
454,680,28,84,4,2023-01-04,Bon produit
455,425,124,230,5,2024-03-21,DÚþu
456,981,59,434,3,2024-11-10,Bon produit
457,1853,90,116,5,2023-08-02,DÚþu
458,219,115,73,2,2024-06-12,Bon produit
459,713,15,500,2,2023-10-13,Bon produit
460,915,68,200,3,2023-10-29,Bon produit
461,840,32,463,4,2024-11-16,Bon produit
462,959,16,34,1,2024-01-04,Bon produit
463,626,103,500,4,2023-05-20,Bon produit
464,162,90,433,2,2023-03-05,Bon produit
465,948,104,349,4,2023-01-29,Bon produit
466,1934,43,386,5,2023-09-16,Bon produit
467,629,111,386,3,2023-08-26,DÚþu
468,1984,5,435,2,2024-12-24,DÚþu
469,1045,82,9,3,2023-09-05,DÚþu
470,84,28,69,4,2024-11-22,DÚþu
471,624,114,68,4,2023-03-11,Bon produit
472,1103,82,341,2,2023-10-19,DÚþu
473,1518,112,283,3,2024-03-04,DÚþu
474,1163,9,105,1,2023-05-14,Bon produit
475,1037,27,237,5,2024-12-16,DÚþu
476,674,70,79,2,2024-07-24,Bon produit
477,1826,70,157,1,2024-02-09,Bon produit
478,1951,41,190,3,2023-12-22,Bon produit
479,1251,66,371,3,2024-06-09,Bon produit
480,1363,30,141,3,2024-03-19,Bon produit
481,296,107,472,3,2023-03-23,Bon produit
482,673,4,156,2,2024-10-05,Bon produit
483,846,88,33,5,2023-06-30,Bon produit
484,1711,10,497,2,2024-11-09,Bon produit
485,941,70,4,4,2024-03-19,Bon produit
486,61,117,246,3,2024-09-20,DÚþu
487,28,76,468,5,2024-06-22,Bon produit
488,1185,23,384,5,2024-05-28,Bon produit
489,287,89,289,5,2023-10-21,Bon produit
490,1512,5,253,3,2023-06-07,DÚþu
491,1459,11,71,2,2024-11-21,DÚþu
492,10,79,55,5,2024-07-22,Bon produit
493,1122,59,189,1,2023-06-21,DÚþu
494,980,21,102,1,2023-08-01,Bon produit
495,214,121,81,4,2024-06-19,Bon produit
496,515,38,429,2,2024-03-29,Bon produit
497,790,96,44,4,2024-07-12,Bon produit
498,286,55,449,5,2024-12-20,Bon produit
499,1112,44,17,2,2024-04-27,DÚþu
500,346,60,191,4,2023-01-30,Bon produit
501,1402,20,485,1,2024-06-01,Bon produit
502,376,62,484,4,2024-07-28,DÚþu
503,1822,35,108,4,2023-03-23,Bon produit
504,1474,1,349,4,2023-07-06,Bon produit
505,500,30,15,2,2023-09-30,Bon produit
506,37,45,11,3,2024-05-06,DÚþu
507,830,115,43,4,2023-06-27,DÚþu
508,1945,84,281,2,2024-04-08,Bon produit
509,1762,92,203,1,2023-02-27,DÚþu
510,1515,28,255,3,2024-06-27,Bon produit
511,956,75,392,4,2023-08-12,DÚþu
512,1713,17,155,4,2023-08-14,Bon produit
513,89,86,17,2,2023-06-24,Bon produit
514,1192,105,479,4,2023-01-24,Bon produit
515,1059,21,388,3,2023-02-12,Bon produit
516,780,125,44,2,2023-12-06,Bon produit
517,936,38,199,4,2024-06-17,Bon produit
518,1987,102,223,2,2024-08-15,Bon produit
519,1023,115,310,4,2024-10-26,DÚþu
520,1104,14,2,1,2024-03-01,Bon produit
521,1553,72,163,5,2023-03-12,Bon produit
522,1457,75,214,4,2024-10-14,Bon produit
523,198,37,170,4,2024-10-22,Bon produit
524,1865,68,185,4,2023-12-18,Bon produit
525,620,2,223,3,2023-10-13,Bon produit
526,1712,119,203,3,2024-11-18,Bon produit
527,1067,96,481,2,2023-08-01,DÚþu
528,974,23,169,5,2023-03-14,Bon produit
529,364,21,36,3,2024-07-11,Bon produit
530,722,46,134,5,2024-04-21,Bon produit
531,1846,57,405,1,2023-01-11,Bon produit
532,148,55,313,2,2023-09-02,Bon produit
533,1718,34,460,3,2024-08-19,Bon produit
534,681,87,149,3,2023-06-13,Bon produit
535,1592,5,430,4,2024-02-27,DÚþu
536,458,72,210,5,2023-11-27,DÚþu
537,995,11,157,2,2023-02-18,DÚþu
538,1200,123,98,2,2024-08-12,Bon produit
539,1802,89,380,1,2023-09-05,Bon produit
540,672,65,427,4,2023-04-04,Bon produit
541,944,49,478,2,2024-07-11,DÚþu
542,1391,46,216,4,2024-07-16,Bon produit
543,1268,42,296,5,2023-03-19,DÚþu
544,792,87,49,1,2023-04-30,Bon produit
545,1455,28,472,2,2024-04-13,DÚþu
546,1609,104,183,2,2023-11-30,Bon produit
547,990,3,34,2,2024-10-13,Bon produit
548,1771,63,42,2,2024-06-07,Bon produit
549,876,10,398,3,2024-01-26,Bon produit
550,1573,56,210,5,2024-01-12,Bon produit
551,156,118,497,5,2024-11-14,Bon produit
552,746,46,320,4,2023-12-15,Bon produit
553,539,79,241,5,2024-01-15,Bon produit
554,632,4,188,3,2023-11-28,Bon produit
555,758,31,460,4,2023-05-18,Bon produit
556,1418,81,109,1,2024-03-29,DÚþu
557,625,66,343,3,2023-10-21,Bon produit
558,1506,72,361,2,2024-10-01,Bon produit
559,703,21,358,3,2023-05-15,Bon produit
560,1236,85,274,3,2023-05-27,Bon produit
561,538,8,409,4,2024-11-15,Bon produit
562,1525,83,204,5,2023-06-17,Bon produit
563,1507,10,274,4,2024-10-27,Bon produit
564,1732,112,4,1,2024-09-16,Bon produit
565,1527,24,366,1,2023-11-03,Bon produit
566,774,48,260,4,2023-10-30,Bon produit
567,372,41,360,2,2023-03-03,Bon produit
568,1032,6,391,2,2024-04-29,Bon produit
569,266,98,210,5,2023-09-26,Bon produit
570,35,4,486,5,2024-07-14,DÚþu
571,59,122,153,1,2023-07-13,Bon produit
572,1370,47,500,2,2023-06-26,Bon produit
573,1423,12,123,2,2023-10-19,Bon produit
574,949,37,25,1,2024-12-20,DÚþu
575,1390,26,102,4,2023-08-28,DÚþu
576,753,107,208,1,2024-08-12,DÚþu
577,595,23,21,1,2024-07-18,Bon produit
578,383,47,289,2,2023-12-29,Bon produit
579,422,41,116,5,2024-08-04,DÚþu
580,1625,4,81,3,2024-05-04,Bon produit
581,844,33,250,1,2023-05-20,Bon produit
582,851,84,408,2,2023-06-07,Bon produit
583,1535,53,197,1,2023-03-30,Bon produit
584,1387,77,198,1,2023-04-27,DÚþu
585,359,39,120,2,2023-09-26,Bon produit
586,187,91,475,3,2024-04-29,DÚþu
587,670,28,4,5,2024-12-03,Bon produit
588,885,89,180,2,2024-04-17,Bon produit
589,1190,54,248,1,2023-07-10,Bon produit
590,1663,38,76,2,2023-04-29,Bon produit
591,206,20,106,1,2023-06-19,Bon produit
592,1188,114,217,2,2024-05-29,DÚþu
593,729,29,254,1,2023-04-05,DÚþu
594,998,110,219,3,2024-07-27,DÚþu
595,1491,80,390,5,2024-09-08,DÚþu
596,1147,70,407,5,2024-12-29,DÚþu
597,973,49,437,4,2023-11-06,Bon produit
598,999,21,140,2,2023-04-30,Bon produit
599,1320,14,206,5,2024-08-27,DÚþu
600,1998,20,424,1,2024-11-17,DÚþu
601,1555,42,308,4,2024-07-29,Bon produit
602,1694,90,136,2,2023-04-07,Bon produit
603,457,20,452,2,2024-03-17,Bon produit
604,101,81,312,4,2024-05-15,DÚþu
605,252,39,485,1,2024-05-10,DÚþu
606,1547,110,237,2,2024-12-08,Bon produit
607,1311,73,498,1,2024-09-25,DÚþu
608,1933,65,108,4,2023-10-25,DÚþu
609,1982,105,174,1,2023-04-25,DÚþu
610,1496,27,103,2,2023-01-24,Bon produit
611,103,32,77,3,2023-09-27,Bon produit
612,612,56,75,1,2024-05-19,DÚþu
613,526,115,196,5,2024-05-01,Bon produit
614,1751,45,114,1,2024-05-22,Bon produit
615,911,97,213,2,2024-01-02,Bon produit
616,68,84,420,4,2023-06-05,DÚþu
617,1953,106,297,4,2023-08-02,DÚþu
618,1118,4,478,2,2024-11-09,Bon produit
619,1167,83,351,5,2023-03-20,DÚþu
620,1154,125,64,1,2023-11-20,Bon produit
621,418,89,21,4,2023-02-01,Bon produit
622,1123,98,160,5,2024-09-18,Bon produit
623,1639,99,43,2,2023-03-03,Bon produit
624,845,112,366,4,2023-01-24,DÚþu
625,249,77,23,5,2023-10-15,Bon produit
626,1417,77,181,4,2024-02-11,Bon produit
627,669,32,445,2,2023-09-11,DÚþu
628,182,60,13,1,2023-01-30,Bon produit
629,1396,96,386,3,2024-06-19,Bon produit
630,1017,101,48,1,2024-08-16,Bon produit
631,29,117,164,1,2023-10-08,Bon produit
632,362,72,357,4,2023-07-22,DÚþu
633,497,28,53,3,2023-08-09,Bon produit
634,1298,103,372,4,2023-12-12,Bon produit
635,1921,100,328,4,2023-10-28,DÚþu
636,104,90,339,5,2024-12-11,Bon produit
637,51,25,497,5,2024-10-28,DÚþu
638,53,60,232,3,2024-09-06,Bon produit
639,1098,108,300,5,2024-05-19,DÚþu
640,519,68,388,3,2024-07-08,Bon produit
641,1137,19,460,3,2024-07-17,Bon produit
642,1329,96,247,3,2023-12-31,Bon produit
643,1538,112,388,1,2023-08-05,Bon produit
644,1852,15,206,5,2024-03-06,Bon produit
645,399,124,173,2,2023-11-15,Bon produit
646,1883,22,101,2,2024-03-14,Bon produit
647,1586,72,297,2,2024-07-14,Bon produit
648,1643,26,280,4,2024-07-30,Bon produit
649,1845,25,192,2,2023-09-04,Bon produit
650,772,5,405,3,2024-12-12,DÚþu
651,726,33,221,4,2024-01-08,Bon produit
652,1317,53,438,4,2023-10-08,Bon produit
653,473,95,13,4,2024-12-29,DÚþu
654,727,51,346,2,2024-05-17,Bon produit
655,1095,17,103,1,2024-02-14,DÚþu
656,1570,59,310,3,2023-12-20,Bon produit
657,1398,74,432,4,2024-05-07,Bon produit
658,350,16,102,3,2024-01-02,Bon produit
659,1421,1,312,5,2023-04-16,DÚþu
660,1884,100,381,3,2023-09-17,Bon produit
661,456,48,7,4,2023-07-02,Bon produit
662,1785,91,370,3,2024-12-29,DÚþu
663,700,49,292,1,2023-03-16,Bon produit
664,342,49,232,1,2023-04-15,Bon produit
665,1272,118,255,1,2023-07-23,Bon produit
666,1331,10,102,1,2024-06-12,Bon produit
667,308,52,370,1,2023-12-07,Bon produit
668,1295,91,138,3,2024-01-24,Bon produit
669,923,117,488,3,2023-06-29,Bon produit
670,686,65,211,2,2024-01-24,Bon produit
671,301,33,17,2,2024-05-26,Bon produit
672,1341,35,235,1,2023-07-23,DÚþu
673,361,103,461,3,2024-10-09,Bon produit
674,938,36,389,3,2024-08-03,Bon produit
675,12,53,437,4,2023-01-30,DÚþu
676,154,1,28,1,2023-04-05,Bon produit
677,119,53,207,2,2023-06-05,Bon produit
678,1704,20,240,2,2024-06-19,Bon produit
679,1954,76,161,4,2023-10-01,Bon produit
680,122,89,160,1,2024-10-29,Bon produit
681,1199,124,72,4,2023-08-01,Bon produit
682,791,68,366,2,2024-07-01,Bon produit
683,1013,101,167,1,2024-08-17,Bon produit
684,259,87,338,4,2023-01-22,Bon produit
685,989,75,496,2,2023-09-22,DÚþu
686,338,92,128,5,2024-08-10,DÚþu
687,1546,88,158,3,2023-02-03,Bon produit
688,992,9,356,2,2024-02-26,Bon produit
689,415,102,443,3,2023-01-20,DÚþu
690,872,105,499,5,2024-10-05,DÚþu
691,750,35,268,2,2024-04-30,Bon produit
692,744,5,108,1,2024-12-08,Bon produit
693,92,104,283,4,2024-08-07,Bon produit
694,171,85,377,5,2023-12-10,Bon produit
695,324,16,204,3,2023-07-05,Bon produit
696,1772,46,128,3,2023-10-19,Bon produit
697,1926,50,49,4,2024-08-12,Bon produit
698,335,18,241,1,2024-12-14,Bon produit
699,452,90,194,3,2024-03-21,DÚþu
700,943,44,290,2,2024-05-27,DÚþu
701,1824,2,490,1,2024-02-29,Bon produit
702,1556,96,262,1,2024-10-25,Bon produit
703,1218,27,95,3,2023-11-10,Bon produit
704,1339,85,359,3,2024-12-14,Bon produit
705,832,75,109,2,2023-08-28,Bon produit
706,451,16,363,4,2024-12-29,DÚþu
707,1994,30,51,2,2024-03-08,DÚþu
708,558,94,161,5,2024-09-12,Bon produit
709,1830,12,427,1,2023-02-24,DÚþu
710,1227,2,459,4,2024-07-23,Bon produit
711,1766,14,275,2,2024-11-30,Bon produit
712,1562,37,482,3,2024-04-04,Bon produit
713,777,10,295,2,2023-02-11,Bon produit
714,17,112,7,5,2023-11-05,Bon produit
715,1699,12,133,3,2023-06-27,Bon produit
716,1364,115,57,2,2023-11-17,Bon produit
717,368,100,393,2,2024-07-08,DÚþu
718,859,28,362,4,2023-06-23,Bon produit
719,1854,104,273,4,2024-12-31,Bon produit
720,1551,52,323,4,2024-08-10,Bon produit
721,633,16,361,2,2023-02-19,Bon produit
722,910,54,24,3,2024-01-23,DÚþu
723,1701,59,338,4,2023-04-09,Bon produit
724,1165,44,421,5,2024-07-27,DÚþu
725,1745,94,495,1,2024-06-21,Bon produit
726,167,123,101,4,2023-02-08,Bon produit
727,1786,67,408,5,2023-10-12,DÚþu
728,1324,93,243,1,2024-05-14,Bon produit
729,853,16,103,1,2024-03-02,DÚþu
730,428,39,163,4,2023-09-21,DÚþu
731,1788,92,353,1,2023-04-16,Bon produit
732,1590,110,454,5,2023-09-04,DÚþu
733,1034,74,260,4,2024-01-07,Bon produit
734,1372,23,16,3,2024-05-16,DÚþu
735,979,94,324,5,2024-07-13,Bon produit
736,1226,98,66,3,2024-12-28,DÚþu
737,1719,64,274,4,2023-10-27,Bon produit
738,1915,108,233,4,2024-04-14,DÚþu
739,1382,61,130,5,2024-07-27,Bon produit
740,935,81,345,2,2023-12-15,DÚþu
741,491,43,371,1,2023-06-10,DÚþu
742,1950,84,383,5,2023-02-01,Bon produit
743,1128,21,164,2,2024-02-20,Bon produit
744,951,125,354,5,2023-03-03,Bon produit
745,966,86,125,4,2024-02-26,Bon produit
746,1925,19,309,5,2024-03-16,Bon produit
747,1731,93,403,2,2024-07-16,Bon produit
748,130,107,214,5,2024-10-24,Bon produit
749,1510,59,216,1,2024-02-24,Bon produit
750,353,98,102,5,2023-05-17,Bon produit
751,1685,99,228,1,2023-01-15,DÚþu
752,298,96,162,4,2023-01-10,Bon produit
753,485,96,364,5,2023-01-22,Bon produit
754,707,104,146,2,2024-05-14,Bon produit
755,1754,8,176,5,2024-10-08,Bon produit
756,256,94,9,4,2024-12-31,Bon produit
757,1815,56,264,5,2023-08-19,DÚþu
758,1221,64,191,1,2024-08-07,Bon produit
759,920,114,494,5,2023-08-29,DÚþu
760,18,35,422,5,2023-06-08,Bon produit
761,881,89,375,4,2024-05-18,Bon produit
762,1584,70,165,4,2024-02-24,Bon produit
763,241,23,279,5,2024-02-24,Bon produit
764,1533,110,429,4,2023-10-21,Bon produit
765,1607,35,327,3,2024-02-09,Bon produit
766,1369,18,463,4,2024-04-27,Bon produit
767,1526,87,481,3,2023-04-02,Bon produit
768,1669,66,351,2,2024-05-29,DÚþu
769,474,76,212,3,2024-05-25,Bon produit
770,1662,45,87,1,2023-02-11,DÚþu
771,179,43,258,2,2023-06-02,DÚþu
772,645,56,297,2,2024-02-11,Bon produit
773,1088,29,355,1,2023-08-10,DÚþu
774,233,96,188,4,2024-11-10,Bon produit
775,1393,33,467,3,2023-06-25,Bon produit
776,1838,48,288,4,2023-08-17,DÚþu
777,907,79,268,1,2024-04-17,Bon produit
778,1689,105,96,3,2023-02-10,Bon produit
779,277,30,6,3,2023-03-30,Bon produit
780,1765,44,395,2,2024-10-24,DÚþu
781,1424,60,201,4,2024-05-05,Bon produit
782,217,17,306,3,2024-12-26,Bon produit
783,967,62,224,5,2024-08-30,Bon produit
784,1948,8,430,3,2023-08-03,Bon produit
785,465,119,420,4,2024-09-06,Bon produit
786,1495,25,358,2,2024-05-19,Bon produit
787,622,28,18,3,2023-05-13,DÚþu
788,143,121,458,3,2024-12-14,Bon produit
789,1292,99,56,5,2023-08-25,Bon produit
790,609,115,167,2,2024-05-24,Bon produit
791,663,24,100,3,2024-08-16,DÚþu
792,1170,5,90,2,2023-08-23,Bon produit
793,1569,106,186,1,2023-01-08,Bon produit
794,1687,75,288,3,2023-05-26,Bon produit
795,1995,33,366,1,2023-07-29,Bon produit
796,817,2,84,3,2023-07-22,DÚþu
797,535,114,58,2,2024-11-30,DÚþu
798,1861,81,229,5,2024-06-10,DÚþu
799,1195,36,221,3,2024-02-13,Bon produit
800,1753,124,326,1,2023-05-11,Bon produit
